aleksandr,126139
nikolaj,107848
ivan,90558
sergej,89541
vladimir,79927
mihail,67395
vasilij,65332
elena,62796
tat'jana,61620
aleksej,58992
andrej,55285
natal'ja,51553
ol'ga,51297
dmitrij,51238
marija,47990
viktor,47988
anna,45313
irina,42388
svetlana,41107
valentina,39438
jurij,36945
petr,36886
ljudmila,34783
anatolij,34650
galina,33671
pavel,32373
igor',30299
nina,30040
evgenij,29261
oleg,26154
ekaterina,25784
nadezhda,24925
aleksandra,22195
valerij,21805
vera,20302
vitalij,19880
marina,19434
tamara,17868
grigorij,17751
fedor,17375
ljubov',17243
boris,17057
gennadij,16997
julija,16955
leonid,16729
konstantin,16723
lidija,16011
vjacheslav,14572
antonina,14055
anastasija,13988
oksana,13683
larisa,13027
zinaida,12339
georgij,11872
denis,11158
valentin,10917
klavdija,10758
maksim,10651
evgenija,10220
vadim,10171
alla,9451
raisa,9302
zoja,8619
roman,8445
il'ja,8440
ruslan,8383
inna,7840
natalija,7493
evdokija,7295
viktorija,7181
stepan,6928
semen,6511
anton,6437
lilija,6360
eduard,6085
stanislav,5910
zhanna,5820
jakov,5429
elizaveta,5173
arkadij,4524
vladislav,4489
margarita,4072
artem,3729
kirill,3720
egor,3683
artur,3632
taisija,3267
pelageja,3106
el'vira,3102
praskov'ja,3048
marat,2984
al'bert,2967
olesja,2944
lev,2924
al'bina,2915
il'dar,2728
veronika,2716
ksenija,2698
iosif,2575
timofej,2569
alesja,2402
varvara,2301
sofija,2259
rinat,2197
polina,2184
alina,2182
dar'ja,2105
rimma,1999
rustam,1994
gul'nara,1942
regina,1913
anzhela,1882
veniamin,1869
rustem,1858
roza,1832
sof'ja,1785
radik,1778
anzhelika,1762
aleksand,1720
alevtina,1700
ramil',1645
alena,1639
guzel',1631
serafima,1617
afanasij,1609
janina,1588
inessa,1527
iraida,1506
nikita,1457
kristina,1405
diana,1396
filipp,1396
faina,1385
efim,1373
azat,1321
timur,1310
ajrat,1307
dina,1295
jana,1252
ajgul',1235
kuz'ma,1221
valerija,1195
petr,1146
al'fija,1143
german,1142
robert,1077
aleksanr,1006
innokentij,989
nelli,985
damir,979
matrena,973
il'shat,972
jaroslav,950
nail',936
matvej,917
jadviga,903
inga,881
efrosin'ja,851
salavat,848
shamil',838
ajdar,826
tihon,825
ul'jana,821
zul'fija,805
majja,795
venera,793
il'giz,792
gleb,764
danil,751
vsevolod,741
ravil',732
rishat,730
mitrofan,725
rita,721
angelina,720
klara,705
mark,697
gul'naz,683
gavriil,682
genrih,669
snezhana,663
daniil,663
el'za,657
el'mira,656
gavril,652
marsel',644
farit,643
teresa,637
rafael',633
irek,631
danuta,619
ilona,615
leontij,608
kazimir,604
alija,600
azamat,597
rashit,595
marfa,584
cheslav,580
taisa,575
serafim,574
svjatoslav,564
kapitalina,562
ella,560
rim,549
avgusta,541
stanislava,540
jan,539
elina,532
liana,530
anfisa,529
il'nur,525
rostislav,522
il'dus,520
tagir,518
tais'ja,510
renat,504
zilja,502
kira,491
anvar,489
tadeush,480
eleonora,478
zahar,474
emma,469
prokopij,463
alik,463
trofim,461
dinara,461
emilija,460
nailja,449
david,448
arsenij,440
nikifor,430
magomed,425
leokadija,425
dinar,424
stefan,420
kamil',410
feliks,406
vener,406
rozalija,404
artem,399
bulat,394
al'mira,392
rais,390
ibragim,382
adam,380
kapitolina,378
frants,377
ninel',376
violetta,375
paraskov'ja,370
rail',366
vanda,362
aleftina,362
taras,356
bronislav,355
rufina,355
nonna,354
mansur,353
al'fred,351
vatslav,349
abram,347
rafail,345
irena,343
marianna,342
rif,342
genadij,341
fanil',340
moisej,339
gul'shat,339
karina,338
ljutsija,336
luiza,332
vikentij,330
savelij,326
lija,325
gelena,322
lina,321
mechislav,319
fedor,318
mar'jan,312
zemfira,310
fanis,308
il'jas,307
antonida,305
bogdan,304
arsentij,304
zufar,300
rashid,298
ida,298
anis'ja,293
ignat,291
almaz,290
isaak,290
pantelej,287
glafira,282
lena,282
kim,281
hamit,280
ahmet,279
eva,278
valer'jan,277
abdulla,276
galija,275
rima,272
alsu,269
zinovij,268
mars,268
rafis,266
ignatij,261
stepanida,258
ali,258
prokofij,258
zuhra,257
illarion,256
il'mir,255
rezeda,254
gerasim,253
gjuzel',249
hasan,249
makar,248
rudol'f,247
fljura,247
talgat,243
ural,243
bronislava,242
rafik,242
agaf'ja,241
fedos'ja,241
farida,241
agrippina,240
el'dar,239
agrafena,239
julij,239
ljajsan,238
alisa,237
irik,235
arsen,234
nelja,234
romual'd,231
arina,228
naum,227
amir,223
dem'jan,221
rodion,221
ija,221
agnija,220
cheslava,217
vil',217
appolinarija,216
adol'f,213
ramilja,213
fljur,213
akim,212
valerian,212
lazar',209
olimpiada,208
oktjabrina,206
vasilisa,205
ahat,204
lira,203
nurija,201
lejsan,199
gurij,199
ahmed,199
pavla,198
pavlina,198
muza,196
emil',196
vladislava,193
marta,193
edvard,192
mahmut,192
armen,192
radmir,192
vitol'd,190
aida,188
ashat,184
rustem,183
haris,182
ramazan,182
erik,182
samuil,182
ashot,180
gabdulla,180
tereza,179
il'mira,178
artemij,178
lavrentij,178
rauf,178
lada,175
dilara,175
emel'jan,173
al'fira,173
renata,172
zakir,172
afonasij,171
spartak,170
juliana,168
rasim,168
leonarda,167
sabina,167
kasim,165
munir,165
il'fat,164
asija,164
sultan,164
vladlen,163
rasima,162
leonard,160
rezida,159
arnol'd,159
asja,159
ananij,158
terentij,158
midhat,156
salih,156
nelja,156
luka,155
fekla,155
aksana,153
fedosija,153
boleslav,152
guzalija,151
leon,151
juzefa,150
neonila,150
mar'jam,150
mira,149
hristina,149
leonida,148
ramzija,148
vladilen,147
fatima,147
evstafij,147
ismagil,147
karl,146
ismail,146
islam,145
zajtuna,144
farid,144
ildar,144
hamza,142
fanija,142
sabir,142
gali,140
alena,140
linar,139
hanif,138
akulina,138
miljausha,137
sagit,137
raushanija,137
rifkat,137
nelli,137
juzef,137
suren,137
ernest,135
tanzilja,134
karp,133
hajdar,133
miroslav,133
nikandr,133
fedot,132
evelina,132
shakir,131
rida,131
galimzjan,131
sanija,130
sulejman,129
dora,129
evdokim,128
vitalija,128
liliana,128
nellja,128
miron,127
lejla,127
andrian,127
vagiz,127
samvel,127
ruslana,126
ajsylu,125
genrik,125
zaki,125
nurulla,125
ishak,124
foma,124
anisa,123
garif,123
rahil',123
viner,123
maja,123
murat,122
danis,122
amina,122
solomon,121
kalerija,121
danila,120
ljalja,119
ruben,119
izrail',118
rashida,118
susanna,118
agripina,118
aron,117
spiridon,117
klavdij,117
zinur,116
arhip,116
gajaz,115
gul'sina,114
manefa,114
rasul,114
polikarp,114
al'fir,114
lenar,113
railja,113
porfirij,112
fatyh,111
rafail',111
el'vir,110
efrem,110
feodosija,110
platon,110
musa,109
ajnur,109
mefodij,109
mudaris,109
jusup,108
anisim,108
semen,108
razilja,108
ada,108
gul'fija,107
fajzrahman,107
muhamet,106
vassa,106
zul'fira,106
madina,105
akram,105
fljuza,105
evstolija,104
nafisa,104
feodosij,104
ljutsina,104
tahir,104
frida,103
abdul,103
iskander,103
karen,103
sarra,102
bella,102
muhamed,102
hariton,102
zarema,102
husain,101
maina,101
fidan,101
halil,101
fail',101
efrosinija,101
indira,101
rahim,100
filjus,100
vladimr,100
romual'da,99
fedora,99
il'gam,99
lilja,99
izabella,98
frol,98
gumar,98
ilshat,98
zinnur,98
vita,98
mustafa,97
gul'chachak,97
gul'nur,97
davyd,97
pantelejmon,97
nijaz,97
fagim,97
galim,96
ariadna,96
vasil',96
gumer,96
rifat,96
ira,96
nazar,95
karim,95
zimfira,95
ljusja,94
stella,94
venedikt,94
malik,94
aram,93
levon,93
zagit,92
idris,92
isaj,92
nazip,92
berta,91
ruzil',91
fatih,91
anas,91
evsej,91
nazir,91
usman,90
richard,90
nail,90
agzam,90
al'vina,90
ramis,90
hakim,89
junus,89
abdulhak,89
habibulla,89
mar'jana,89
avgustina,88
avenir,88
ustin'ja,87
zofija,87
samat,87
rushan,86
ahnaf,86
asgat,86
nasima,86
irma,86
halim,86
zhan,86
gaziz,86
prohor,85
julaj,85
ryshard,85
domna,85
muhtar,85
luker'ja,84
nil,84
el'mir,84
esfir',84
salim,84
junir,83
diljara,83
jakub,83
zakij,83
gusman,83
snezhanna,83
ideja,83
karolina,83
masgut,82
iskandar,82
nurgali,82
gabdrahman,82
vasilina,82
aslan,82
kamil,82
aza,81
el'vina,81
radion,81
il'fir,81
murad,81
sarkis,81
fajruza,80
rada,80
samigulla,80
abdrahman,79
melan'ja,79
zhanetta,79
mahmud,79
zalija,79
ahtjam,79
nester,79
al'mir,78
andrijan,78
miroslava,78
ralif,78
lesja,78
flarit,78
zlata,77
vecheslav,77
nella,77
feoktista,76
grazhina,76
agafija,76
gabdulhak,76
gabdulhaj,76
il'vir,75
alesandr,75
zarina,75
zinfira,75
sharif,75
munira,75
halit,74
danija,74
mal'vina,74
sergei,74
nikonor,74
oskar,73
alimpiada,73
anzhella,73
slavomir,73
ramiz,73
zajnulla,73
alekandr,73
osip,72
dmirij,72
zaur,72
proskov'ja,72
radmila,72
fuat,72
klimentij,72
aleksandrovich,72
ljudvig,72
aelita,72
ruzilja,71
rafkat,71
fanuza,71
genovefa,71
bari,70
gertruda,70
vladimirovich,70
gadzhi,70
adel',70
nazim,69
radij,69
kazbek,69
al'fina,69
vasilja,69
rafil',69
zenon,69
kiril,68
kurban,68
anisija,68
rifgat,68
damira,68
edmund,68
mazit,67
il'vira,67
jaroslava,67
said,67
stefanija,67
luk'jan,67
florid,67
ramil,66
fauzija,66
hafiz,66
avgust,66
kapiton,66
pelogeja,66
gajsa,65
raida,65
halida,65
gurgen,65
alitsija,65
askar,64
ajno,64
tigran,64
van,64
julian,64
savva,64
akop,64
habib,64
gabbas,63
fanzil',63
fridrih,63
dilja,63
shavkat,63
nagim,63
vartan,63
arif,63
rem,63
vilen,63
zakarija,63
hajrulla,63
sara,63
karapet,62
dimitrij,62
nurislam,62
fadej,62
sabit,62
isa,62
fanur,62
nariman,62
arutjun,62
abdulhaj,62
guzelija,62
zdislav,62
ildus,62
kuprijan,61
svetoslav,61
revekka,61
jul'jan,61
hamzja,61
rina,61
umar,61
izmail,61
isak,61
julianna,60
feofan,60
gagik,60
zifa,60
gafur,60
modest,60
milana,60
sharifulla,60
elisej,60
frantishka,59
leonora,59
sidor,59
zarif,59
alim,59
razida,59
galim'jan,59
adelja,59
vitalina,59
izol'da,59
edgar,59
omar,58
rauza,58
mirza,58
rushanija,58
andranik,58
natasha,58
irshat,58
ganna,58
petimat,58
vatslava,58
agnessa,58
rajsa,58
garifulla,58
ramzil',58
rahimzjan,57
ruzalija,57
rasul',57
vali,57
gul'sum,57
raushan,57
hamid,57
faiz,57
raul',57
firdaus,57
ksen'ja,56
florida,56
il'sur,56
filimon,56
taresa,56
magsum,56
seregej,56
oganes,56
fanil,56
adelaida,56
ernst,56
chulpan,56
agljam,55
izosim,55
militsa,55
riva,55
efimija,55
teressa,55
ruvim,54
sima,54
rizvan,54
parfirij,54
ul'fat,54
vil'dan,54
kasym,54
milena,54
trifon,54
armenak,53
klim,53
javdat,53
gevorg,53
nazif,53
kondratij,53
vahtang,53
alan,53
val'demar,53
il'gizar,53
mecheslav,53
razif,52
vlas,52
zija,52
grant,52
leonila,52
ranis,52
minzilja,52
galej,52
nazija,52
faat,52
lenina,52
timergali,52
nila,51
arshak,51
nazira,51
vissarion,51
timerhan,51
apolinarija,51
ion,51
ellina,51
orest,51
nurmuhamet,51
arslan,51
zagir,51
adgam,51
haim,51
aksin'ja,51
bahtijar,51
razija,50
juvenalij,50
ratmir,50
vagif,50
vakil',50
melanija,49
kajum,49
feoktist,49
vlada,49
nabiulla,49
vahit,49
jahija,49
sarija,49
eliza,49
ravil,49
gordej,49
innesa,49
katerina,48
zigmund,48
simon,48
erika,48
ermolaj,48
fatyma,48
hachatur,48
stalina,48
erna,47
rafit,47
il'nar,47
baryj,47
amalija,47
antonij,47
kalimulla,47
andronik,47
emmanuil,47
samson,47
ippolit,47
abuzar,47
mubarak,47
stefanida,47
zakija,47
gusejn,47
rizida,47
sait,47
kadyr,46
nafis,46
fanisa,46
alisher,46
abdula,46
zurab,46
nikodim,46
muslim,46
edik,46
alja,46
ilgiz,46
rem,46
hatmulla,46
muzagit,46
vinera,46
rajlja,46
rail,46
hel'mi,45
ahmadulla,45
vladlena,45
dana,45
ljajlja,45
zabir,45
haja,45
genja,45
lejsjan,45
slava,45
rovshan,45
galimulla,45
levan,45
bella,45
aleksadr,44
sharif'jan,44
marks,44
hristofor,44
leopol'd,44
minulla,44
nellja,44
sabirzjan,44
gil'mutdin,44
kabir,44
salima,44
feofanija,44
shagit,43
hana,43
gasan,43
nikon,43
gul'fira,43
evgraf,43
linara,43
lolita,43
hachik,43
sabir'jan,43
liza,43
janis,43
vugar,43
markel,43
militina,43
adelina,43
miniahmet,42
mina,42
osman,42
finat,42
mamed,42
genrietta,42
tomara,42
andzhej,42
rajhana,42
gajk,42
aleksndr,42
mullanur,42
lelja,41
mihajl,41
fanzilja,41
nella,41
nadir,41
sonja,41
sil'va,41
vardan,41
sajfulla,41
mashut,41
gamlet,41
vilena,41
radis,41
rafgat,41
kronid,41
anis,41
halima,40
fazyl,40
seregj,40
rasih,40
zul'fat,40
fanilja,40
anrej,40
mstislav,40
magomet,40
gazinur,40
amin,40
gur'jan,40
anver,39
garik,39
fajzulla,39
varis,39
donat,39
najlja,39
shajhulla,39
galij,39
rajan,39
zalifa,39
raif,39
lida,39
zinfir,39
apollinarija,39
fenja,39
il'ham,39
farhad,39
azalija,39
dim,38
guzal',38
al'freda,38
genij,38
vagan,38
janush,38
fidrat,38
maksut,38
aslanbek,38
gul'nar,38
garri,38
firuza,38
zajnab,38
gajan,38
genrika,38
jusuf,38
fajaz,38
aleskandr,38
antonin,38
foat,38
anzor,38
hazi,37
gajnulla,37
lutfulla,37
evlampij,37
vazyh,37
sufija,37
darina,37
shota,37
kleopatra,37
agrepina,37
kazimira,37
insaf,37
maks,37
vojteh,36
eremej,36
engel's,36
el'mar,36
gelij,36
tat'na,36
safa,36
abdurahman,36
akif,36
nazib,36
radif,36
rustjam,36
zhorzh,36
tojvo,36
haliulla,36
vol'demar,36
zinnat,36
safuan,36
shamil,35
karam,35
fanuz,35
florit,35
jarulla,35
dzhamilja,35
ta'jana,35
fanja,35
natan,35
galinur,35
el'han,35
anita,35
nikanor,35
kondrat,35
edita,35
sharip,35
magdalina,35
kornej,35
flarid,35
hatip,35
ararat,35
val'ter,35
ahmad,35
bashir,35
rasil',35
samir,35
fail,34
ekatirina,34
gil'mulla,34
husnulla,34
razina,34
rahmatulla,34
shalva,34
fidail',34
dil'bar,34
hurmat,34
ralija,34
hadicha,34
vasil,34
angam,34
marzija,34
veranika,34
anfiza,34
chingiz,34
vil,34
ajvar,34
radislav,34
danil',34
ivanna,34
rishard,34
vazgen,34
al'frit,34
vladik,34
martin,34
kamal,34
elizar,34
genrietta,33
ilnur,33
mullajan,33
barij,33
el'frida,33
abonent,33
vasim,33
vladmir,33
timerbaj,33
rifhat,33
zagidulla,33
al'bin,33
irena,33
al'taf,33
ravis,33
artak,33
anuza,33
fanus,33
segej,33
safiulla,33
lembi,33
zosim,33
jamil',33
pavlin,33
ravilja,32
hamidulla,32
demid,32
munavir,32
habibrahman,32
haljaf,32
favzija,32
frantishek,32
riza,32
tamila,32
askol'd,32
ajaz,32
veslav,32
jakup,32
andzhela,32
kijam,32
shaukat,32
zugra,32
saida,32
harlampij,32
amajak,32
ejno,32
zamira,32
mirgasim,32
grigor,32
matil'da,32
dinis,32
azer,31
anufrij,31
nadija,31
kashaf,31
garaj,31
lola,31
bozhena,31
violeta,31
hil'ma,31
ezhi,31
dmitirij,31
rahima,31
juris,31
ksenofont,31
razil',31
apollon,31
evlampija,31
zalman,31
haritina,31
dementij,31
savija,31
kamilla,30
zilija,30
sajma,30
kutdus,30
iljuza,30
salihzjan,30
afrikan,30
rahim'jan,30
razalija,30
sagidulla,30
ginijat,30
zamir,30
zhanneta,30
evfalija,30
nasim,30
tel'man,30
lora,30
afanasija,30
laura,30
fedosij,30
avram,30
habir,30
nana,30
sejran,30
bernarda,29
savvatij,29
jurii,29
gajane,29
sazida,29
al'fat,29
renja,29
ustin,29
maj,29
feodora,29
bilal,29
nona,29
vil'gel'm,29
aziz,29
munavara,29
gajfulla,29
iolanta,29
mazgar,29
ravshan,29
fidus,29
adelija,29
bela,29
vidadi,29
eduart,29
raja,29
gjul'nara,29
mariana,29
mullahmet,29
iljus,29
timer'jan,29
talip,28
franja,28
artashes,28
tsilja,28
il'sijar,28
merkurij,28
kadir,28
gul'dar,28
anur,28
zbignev,28
ajli,28
flida,28
el'man,28
fljus,28
tofik,28
zaharij,28
anar,28
dorofej,28
anelja,28
amirzjan,28
tajmuraz,28
ajdyn,28
badma,28
sokrat,28
garnik,28
dinislam,28
alek,28
ahsan,28
araik,28
mirgazijan,28
enver,28
era,28
mirat,28
lenara,27
avraam,27
rumija,27
gubajdulla,27
minnulla,27
ekatarina,27
martyn,27
leontina,27
leja,27
zara,27
elizoveta,27
gamir,27
manvel,27
tina,27
ervand,27
arman,27
aksan,27
gani,27
jah'ja,27
minislam,27
vaha,27
gevork,27
nabi,27
ambartsum,27
tata'jana,27
segrej,27
ir'ja,27
tomash,27
valej,27
krestina,27
ramzilja,27
malika,27
gindulla,27
shakur,27
filaret,27
svelana,27
irin'ja,27
oktjabr',27
gabidulla,27
iraklij,27
rasilja,27
daniel',26
magafur,26
zinovija,26
zulejha,26
marlen,26
vahid,26
shuhrat,26
fedosej,26
paraskeva,26
el'vera,26
dmirtij,26
konkordija,26
nasibulla,26
maja,26
felitsija,26
bajram,26
vjachaslav,26
nakip,26
basja,26
jagafar,26
il'gar,26
imam,26
garegin,26
shafik,26
rabiga,26
sahib,26
mullagali,26
avdej,26
ajbulat,26
abubakir,26
asker,26
adik,26
adilja,26
valerik,26
aver'jan,26
zalina,26
el'shan,26
vagarshak,26
fagima,26
rahilja,26
magira,25
alihan,25
ritta,25
mazhit,25
nur,25
gazim,25
bajan,25
vitautas,25
volja,25
lukman,25
zaurbek,25
julja,25
alfej,25
fidaris,25
rakija,25
ivetta,25
razim,25
halid,25
minigali,25
vladilena,25
asadulla,25
efalija,25
galiahmet,25
aleksnadr,25
adrej,25
ul'jan,25
mamikon,25
il'fak,25
rashad,25
seogej,25
ahmat,25
nuriahmet,25
palina,25
aleksandrina,25
garij,25
mussa,25
rafida,25
galaktion,25
nikit,24
hil'da,24
lutsija,24
mohammad,24
safron,24
biktimir,24
darija,24
uzbek,24
mubaraksha,24
gjuzelija,24
ljajsjan,24
gabit,24
mehman,24
natig,24
karine,24
kamo,24
ruzanna,24
dmitrii,24
zuzanna,24
misbah,24
arshalujs,24
rjurik,24
venidikt,24
lejlja,24
alesej,24
jashar,24
ajzik,24
umjar,24
adip,24
rahman,24
sjuzanna,24
hanifa,24
ljudviga,24
kadrija,24
gazizjan,24
minigul',24
husejn,23
bagrat,23
guzel',23
salman,23
el'nur,23
firdavis,23
ansar,23
galiulla,23
asif,23
davlet,23
razit,23
bernard,23
shajdulla,23
emanuil,23
sadyk,23
el'chin,23
vasima,23
ajup,23
givi,23
emin,23
ovanes,23
zhora,23
ejla,23
mendel',23
genoefa,23
viktorina,23
murtaza,23
garafutdin,23
arut,23
ajkaz,23
mariam,23
kavi,23
parfen,23
nazifa,23
flora,23
flarida,23
ilham,23
magamed,23
halil',22
petros,22
rashat,22
anzhelina,22
vafa,22
musja,22
safar,22
min,22
razifa,22
kashif,22
faik,22
sauban,22
arij,22
mirgalim,22
hakimulla,22
otari,22
arvid,22
valiahmet,22
aminat,22
fidalija,22
batyr,22
amiran,22
danijar,22
sufijan,22
hamat,22
elja,22
appolon,22
vldaimir,22
meer,22
raiza,22
minzifa,22
vagram,22
minna,22
mingali,22
fedr,22
olena,22
faig,22
nurihan,22
kamila,22
gul'chira,22
karima,22
leonilla,22
ljuza,22
aleksendr,22
vakil,22
fizuli,22
gita,22
beslan,22
tatjana,22
ester,22
asljam,22
taslima,22
zaven,22
mirzagit,22
filjuz,22
mijassar,22
izot,22
fanir,22
nigmatulla,22
nikolaevich,22
kiprijan,22
hava,22
hamzat,22
ninel',22
vazih,22
anfija,22
basyr,22
gafijat,22
izrail,22
zarifulla,22
mizhat,21
imamutdin,21
ara,21
potap,21
alimpij,21
sabira,21
hadzhimurat,21
gul'fina,21
ruf,21
hatyp,21
ajna,21
misak,21
ermil,21
gersh,21
garifzjan,21
ales',21
fira,21
halisa,21
rinad,21
kalistrat,21
nurtdin,21
fathulla,21
rihard,21
al'fons,21
varfolomej,21
shajhi,21
gabdrauf,21
varuzhan,21
gata,21
gegam,21
mohamad,21
engel',21
oktaj,21
gabdulahat,21
zinnatulla,21
nurlygajan,21
agafon,21
rejno,21
nil',21
zenfira,21
mingalej,21
flaris,21
gabdrahim,20
zelimhan,20
gamid,20
fajruz,20
setlana,20
tit,20
fedos,20
ljubomir,20
farzana,20
taskira,20
badri,20
hatima,20
nestor,20
daut,20
anastasij,20
linda,20
lejb,20
karine,20
pimen,20
il'giza,20
mihej,20
iljusa,20
gustav,20
gil'man,20
novomir,20
radim,20
liverij,20
melik,20
saljah,20
ljudvik,20
dzhamil',20
alida,20
judif',20
tengiz,20
agaron,20
ilgar,20
dajan,20
taufik,20
ljumila,20
akindin,20
ramin,20
appolinarij,20
dimtrij,20
nazhija,20
musagit,20
hazbi,20
asma,20
erast,19
ellada,19
gibadulla,19
galja,19
zajdulla,19
galimhan,19
il'fira,19
thi,19
grachik,19
feliksa,19
galima,19
hasjan,19
bibinur,19
konstatin,19
raufa,19
adil',19
milja,19
vachagan,19
kadim,19
amur,19
amir'jan,19
garej,19
zakir'jan,19
vilenin,19
erkin,19
masnavi,19
shagen,19
haj,19
razmik,19
tejmuraz,19
ljuzija,19
kima,19
bahtier,19
gulija,19
mnatsakan,19
abrar,19
salim'jan,19
rafig,19
el'nara,19
fajzi,19
panfil,19
ilgam,19
guzjal',19
nika,19
sargis,19
lera,19
hamida,19
seliverst,19
anait,19
fidel',19
nigmat,19
razima,19
faruk,19
ragim,19
vakif,19
sergo,19
soslan,19
muharram,19
nagimulla,19
valetina,19
natl'ja,19
muhamatnur,19
fatina,19
venir,18
sarvar,18
gljuza,18
vaginak,18
enzhe,18
nizami,18
hurmatulla,18
musavir,18
teodor,18
imametdin,18
shamsutdin,18
al'fis,18
mahir,18
maisa,18
fanzil,18
mais,18
hanafi,18
norajr,18
ahijar,18
viola,18
tomas,18
gija,18
inesa,18
naira,18
agej,18
abzal,18
evstignej,18
nazilja,18
dzhamal,18
shakirzjan,18
volodja,18
gajsha,18
fanit,18
pelagija,18
rigina,18
filija,18
fuad,18
ljuba,18
gavrila,18
bajazit,18
olga,18
rufat,18
mila,18
mubariz,18
mubarakzjan,18
gocha,18
stasis,18
musheg,18
gabil,18
fina,18
dzhul'etta,18
nakija,18
muharam,18
chermen,18
nazhmudin,18
askat,18
rahimulla,18
zinat,18
rafael',18
azgar,18
serej,18
iskra,18
zakuan,18
faris,18
natella,18
geral'd,18
kliment,18
nurgalej,18
abdulahat,18
aleksandrovna,18
artash,18
valiulla,18
el'brus,18
zina,18
mir,18
zarima,18
aldeksandr,18
nuri,18
mavlet,18
rajfa,18
valerijan,17
temur,17
azad,17
farvaz,17
alimzhan,17
magdan,17
gera,17
abdulkadir,17
gajnislam,17
vil'jam,17
al'frid,17
georg,17
jakim,17
sigizmund,17
ljana,17
aleksandor,17
ahun,17
firs,17
minniahmet,17
mirzajan,17
zavdat,17
salimzjan,17
kornil,17
alksandr,17
azarij,17
sakina,17
slavik,17
svetalana,17
adil,17
zakar'ja,17
fejga,17
israfil,17
ionas,17
almas,17
dashi,17
arifulla,17
tadeush,17
maginur,17
ahmetzija,17
danusja,17
dmtrij,17
gizar,17
rafil,17
inzilja,17
fattah,17
martem'jan,17
rusalina,17
ashraf,17
bogdana,17
rena,17
vanik,17
adrian,17
valerii,17
andris,17
zajnetdin,17
bakir,17
avgustin,17
mullahan,17
gradislava,17
ajk,17
nasib,17
sharafutdin,17
zajnap,17
dzhabrail,17
mavljut,17
minibaj,17
ajslu,17
nizam,17
nurlan,17
jurik,17
zahid,17
roland,17
ajsa,17
husnutdin,16
naziba,16
avtandil,16
timerbulat,16
zinatulla,16
volodar,16
evgen'ja,16
shajhutdin,16
fajagul',16
kausar,16
hadi,16
vjacheslavovich,16
pesja,16
ruzana,16
tariel,16
patimat,16
anlrej,16
dzhafar,16
beniamin,16
mohamed,16
gajnetdin,16
muhamat,16
hakim'jan,16
tojni,16
sharipzjan,16
sevast'jan,16
fan,16
sjul'vi,16
nuriman,16
vej,16
janna,16
minnahmet,16
tamazi,16
shahin,16
il'ver,16
ajub,16
ishbuldy,16
sil'vija,16
rafina,16
ahsarbek,16
tejmur,16
hajbulla,16
hamis,16
anaida,16
saleh,16
vilija,16
alfija,16
rizatdin,16
firuz,16
goar,16
dorzhi,16
cergej,16
filat,16
farhat,16
varazdat,16
shafigulla,16
polinarija,16
ravija,16
anastas,16
serezha,16
mger,16
alen,16
abbas,16
ramzan,16
radomir,16
muhametdin,16
alibek,16
magomedrasul,16
revaz,16
zaira,16
oktjabrin,16
serge,16
sedrak,16
soltan,16
gergij,16
gajnutdin,16
igr',15
kerim,15
fatkulla,15
manuil,15
aminja,15
nugzar,15
al'vira,15
imran,15
pasha,15
lajsan,15
eval'd,15
gafar,15
amirhan,15
faima,15
aristarh,15
zijatdin,15
sajfutdin,15
favaris,15
dinaida,15
mansaf,15
genoefa,15
koz'ma,15
kostantin,15
firgat,15
hadyj,15
al'fit,15
nursilja,15
abas,15
vagap,15
halimulla,15
kotdus,15
husjain,15
nionila,15
radmil,15
artush,15
ajtugan,15
ferdaus,15
rushana,15
zjama,15
gabdul'bar,15
lana,15
abbjas,15
nasir,15
jagfar,15
hanna,15
erena,15
andrejan,15
zilara,15
aeksandr,15
asaf,15
ruzel',15
fljuz,15
lavr,15
kurbangali,15
arzu,15
milija,15
sharifzjan,15
danir,15
epifan,15
roma,15
zakiulla,15
magruf,15
gajane,15
rufima,15
arefij,15
horen,15
rafat,15
irinarh,15
rudik,15
tselina,15
nuritdin,15
kiram,15
aurika,15
adeksandr,15
ahmatzija,15
esenija,15
erofej,15
ramzil,15
rafael,15
malan'ja,15
gul'mira,15
adib,15
zosja,15
minas,15
nuranija,15
aksentij,15
inessa,15
rafael,15
namik,15
leniza,15
grisha,15
meri,14
iza,14
interna,14
novruz,14
gendrik,14
aslambek,14
nurutdin,14
tamerlan,14
dzhon,14
idijat,14
villen,14
tair,14
magerram,14
minnahmat,14
antip,14
al'gimantas,14
ferdinand,14
valenitina,14
zhaneta,14
vinir,14
mugalim,14
timerzjan,14
avetis,14
avetik,14
login,14
fateh,14
gela,14
tsetsilija,14
saak,14
roksana,14
arshavir,14
iljusja,14
guram,14
dzhavid,14
marko,14
lempi,14
abudar,14
granit,14
platonida,14
shaeh,14
jusif,14
maskim,14
zemfir,14
vul'f,14
artavazd,14
stella,14
magasum,14
dasha,14
virginija,14
ralina,14
zhavdat,14
glikerija,14
minzalja,14
nasyh,14
etibar,14
hajrutdin,14
min',14
aleksandrov,14
ramzi,14
faim,14
abrosim,14
aleksanlr,14
aneta,14
vdadimir,14
galihan,14
radzhab,14
zimfir,14
anfinogen,14
milentij,14
anushavan,14
milan,14
aleksaej,14
zinira,14
alekej,14
abakar,14
minisa,14
ljudvika,14
fidail,14
rafhat,14
shagidulla,14
omari,14
tansylu,14
gamil',14
kamilja,14
kontantin,14
nino,14
olija,14
ravkat,14
filarit,14
meruzhan,14
aleks,14
gul'nazira,14
mifodij,14
makim,14
sever'jan,13
veli,13
adlan,13
feona,13
nefed,13
izida,13
gatuf,13
leo,13
morduh,13
mkrtich,13
viorika,13
ovik,13
fadis,13
asmik,13
fanira,13
shakir'jan,13
milausha,13
al'ma,13
minnur,13
il'sejar,13
halik,13
dzhanna,13
avtonom,13
fazil,13
mullahmat,13
fahrislam,13
abdrahim,13
ajsha,13
ajshat,13
salih'jan,13
dzhalil',13
viktorin,13
isidor,13
virineja,13
serapion,13
firdus,13
hatira,13
bronja,13
vladiimr,13
onik,13
nasyr,13
dzhemma,13
ikram,13
galust,13
dzhejhun,13
alij,13
dyk,13
zel'da,13
hanjafi,13
mihajlo,13
mirzanur,13
svetlan,13
firjuza,13
nasih,13
adel'sha,13
kanif,13
al'finur,13
akilina,13
ishhan,13
ijulija,13
rukija,13
rifa,13
sejmur,13
daud,13
gabdelhaj,13
tofig,13
antanina,13
hil'ja,13
ruza,13
ninel,13
abdrashit,13
veslava,13
timir'jan,13
ilonna,13
seda,13
anush,13
minihan,13
filjuza,13
graf,13
fliza,13
armais,13
lili,13
kir,13
miropija,13
grach,13
radzh,13
zotej,13
shahban,13
galjautdin,13
shamgun,13
babken,13
bato,13
tjat'jana,13
ravgat,13
fakija,13
il'far,13
sevda,13
talha,13
ahmetgali,13
valentinovna,13
ravza,13
mhitar,13
damba,13
oles',13
meri,13
monika,13
hammat,13
zajtun,13
greta,13
al'gis,13
rozalina,13
mirgajaz,13
mustakim,13
ardalion,12
zamil',12
klarisa,12
il'vera,12
rema,12
masalim,12
shahlar,12
avksentij,12
issa,12
abu,12
mazahir,12
zinovej,12
ol'gerd,12
gataulla,12
gul'nas,12
adija,12
mugallim,12
naib,12
valinur,12
fargat,12
gerta,12
venira,12
fanavi,12
zakira,12
arevik,12
flera,12
el'ma,12
hakima,12
gonorata,12
manuk,12
bljuma,12
aset,12
tsitsilija,12
rishad,12
fidaj,12
minnijar,12
nadezha,12
aramais,12
vjachelav,12
ljus'ena,12
jason,12
muhlis,12
rakip,12
shaja,12
gaj,12
nurdida,12
marhaba,12
razil,12
alevtin,12
ahmethan,12
sagir,12
samik,12
nizamutdin,12
appolinari,12
lel',12
avhat,12
avrora,12
karlen,12
edvin,12
valeh,12
elen,12
ahnjaf,12
bahram,12
vilja,12
fariza,12
minahmet,12
azret,12
el'shad,12
mutagar,12
vlerij,12
aklima,12
haled,12
egenij,12
mavlida,12
lima,12
minnegali,12
idijatulla,12
letfulla,12
minijar,12
agvan,12
nelija,12
natatl'ja,12
vazir,12
namig,12
abdurashid,12
mininur,12
alnksandr,12
vilorij,12
anastosija,12
al'dona,12
alekasandr,12
fariz,12
mihajil,12
idija,12
tagzima,12
fanzija,12
zul'fir,12
ajgjul',12
sazhida,12
asijat,12
hakimzjan,12
anatolii,12
medzhid,12
razjap,12
iskak,12
azgat,12
nora,12
arbi,12
eva,12
gazizulla,12
zhamil',12
mingaz,12
ziatdin,12
gabdrashit,12
sevost'jan,12
marsel'eza,12
naina,12
shamsi,12
il'mar,12
gilemhan,12
shlema,12
al'bertina,12
denislam,12
zanfira,12
ranija,12
gabdulbari,12
surik,12
donara,12
viniamin,12
nafik,12
martiros,11
zinov'ja,11
nazhip,11
minsalih,11
barej,11
zarija,11
livija,11
mar'ja,11
irinej,11
barbara,11
mar'janna,11
alekasndr,11
fagilja,11
miriam,11
norik,11
sagid,11
boleslava,11
hasja,11
fagit,11
alifa,11
bagdanur,11
il'zira,11
feodos'ja,11
iljana,11
gajnan,11
mirsait,11
anatol'evich,11
vol'f,11
milada,11
abdulhakim,11
muzip,11
il'nara,11
sungat,11
minivali,11
araz,11
magomedshapi,11
pogos,11
vlentina,11
andrjus,11
borislav,11
boguslav,11
gajas,11
minslu,11
than',11
talija,11
el'zhbeta,11
kalina,11
archil,11
tsilija,11
zot,11
hassan,11
fruza,11
al'fida,11
li,11
smbat,11
alaudin,11
danat,11
minimulla,11
farih,11
inokentij,11
ginijatulla,11
viktorovich,11
gabdulbar,11
huzja,11
janosh,11
dzhigansha,11
adalat,11
agapija,11
egishe,11
muslima,11
nastas'ja,11
elona,11
elionora,11
tsyren,11
bela,11
minnehan,11
gasim,11
girsh,11
zaza,11
valenina,11
agube,11
fajzulhak,11
aleksaedr,11
sregej,11
lutfurahman,11
filitsata,11
murshida,11
ibrahim,11
genrieta,11
rufin,11
otar,11
bazar,11
ioanna,11
arvi,11
gil'mitdin,11
merab,11
merabi,11
valid,11
gil'fan,11
garaf,11
sabuhi,11
sasha,11
zugura,11
el'fira,11
safija,11
shajmulla,11
rafilja,11
lej,11
hajretdin,11
milintina,11
dagmara,11
rozija,11
nuretdin,11
miljavsha,11
ipatij,11
romazan,11
inara,11
nison,11
ilfat,11
burhan,11
nizametdin,11
burgan,11
hionija,11
ljutsian,11
bejlja,11
rolan,11
natik,11
ilarija,11
ekterina,11
kazim,11
shaih,11
hazret,11
davlethan,11
mavljavi,11
minnisa,11
zagid,11
ahmetsha,11
sulo,11
rubin,11
zafar,11
mara,11
kashifa,10
kaspolat,10
lejzer,10
anelija,10
makka,10
shaliko,10
lajla,10
manja,10
sagadat,10
rinata,10
vilij,10
marvan,10
vasif,10
hizri,10
bo,10
habibula,10
valij,10
pitirim,10
hashim,10
knarik,10
astafij,10
valija,10
marian,10
mavra,10
konstantinovich,10
hidijat,10
vadimir,10
kjashaf,10
shavarsh,10
malka,10
makarij,10
hanafija,10
hadija,10
afanas'ja,10
anja,10
samoil,10
asthik,10
sabirzhan,10
salihjan,10
mamuka,10
arturas,10
ashhen,10
konstanin,10
vavil,10
rajsja,10
korjun,10
varsenik,10
inzil',10
shapi,10
buda,10
vladimimr,10
vladimira,10
iona,10
saliha,10
kaz'ma,10
beatrisa,10
hasanzjan,10
ljudimla,10
rafija,10
ljutsijan,10
lali,10
asat,10
irada,10
rajmond,10
rkija,10
husen,10
hatib,10
husaen,10
kaj,10
magdanur,10
renal'd,10
rastislav,10
lenarija,10
hamatnur,10
melkon,10
zorik,10
sitdik,10
illarija,10
siranush,10
zumara,10
talib,10
abdulgamid,10
farruh,10
miraida,10
iliza,10
zareta,10
farman,10
gazima,10
nuraddin,10
genuefa,10
gabdelahat,10
abdullah,10
fizalija,10
nasrulla,10
zarifa,10
shafkat,10
nurmagomed,10
alima,10
zelik,10
dija,10
daba,10
dmirtrij,10
amurhan,10
dmitij,10
minnigali,10
nasretdin,10
jagub,10
zahir,10
minnigul',10
milan'ja,10
minnihan,10
nurij,10
amirjan,10
gul'sira,10
natella,10
gul'sara,10
esmira,10
gil'metdin,10
movses,10
guzelja,10
ekatkrina,10
sahap,10
gimran,10
moris,10
zhamilja,10
engel'sina,10
gabil',10
susana,10
juvinalij,10
gljus,10
failja,10
averkij,10
mugin,10
osval'd,10
agnesa,10
erih,10
srgej,10
endzhe,10
mirhatim,10
gertrud,10
adis,10
sajah,10
mihalina,10
gul'gina,10
mishel',10
zabira,10
evlalija,10
mkrtych,10
evpraksija,10
izjaslav,10
sahiulla,10
shejna,10
sibagat,10
efim'ja,10
galentina,10
mindijar,10
nurfajaz,10
nagima,10
galiaskar,10
elena,10
zubajda,10
napoleon,10
jaroslavna,10
dzhamil,10
setrak,10
minira,10
aleskej,10
anatonina,10
aleksander,10
timir,10
fahrazi,10
felitsata,10
sharifjan,10
aleksanndr,10
fahretdin,10
serzhik,10
dzhivan,10
jankel',10
zenovij,10
muhamethan,10
marita,10
galimjan,10
dekabrina,10
feruza,10
zorina,10
marine,10
markus,10
fokej,10
jasha,10
sergeej,10
galljam,10
il'naz,10
narine,10
nuh,10
garif'jan,10
damin,10
muharjam,10
nargiza,10
edislav,10
maris,10
aleksan,9
rufija,9
isljam,9
saima,9
ardashes,9
nital'ja,9
mihael',9
faljah,9
shmul',9
nifantij,9
gambar,9
gadilja,9
magomedgadzhi,9
sofron,9
madhat,9
agneja,9
vage,9
idel',9
mubin,9
al'girdas,9
efrasin'ja,9
glina,9
esfira,9
afimija,9
sulamif',9
lotfulla,9
o'ga,9
han,9
saitgarej,9
otto,9
zita,9
sahab,9
maksum,9
magsumzjan,9
fil'za,9
tsyrendorzhi,9
sajda,9
edgard,9
ivanovich,9
gamzat,9
anuar,9
rufim,9
ibraj,9
sonija,9
zubair,9
fikret,9
vardges,9
garafi,9
eldar,9
fauzi,9
malih,9
zarja,9
gajazetdin,9
el'vi,9
sagdat,9
fatej,9
hak,9
ajnura,9
zauri,9
fatkulbajan,9
zahit,9
asatur,9
magalim,9
varlam,9
olimpij,9
akmal,9
sevindzh,9
akakij,9
gajfutdin,9
nurmuhamed,9
sevil',9
shaban,9
miloslav,9
vasilii,9
zel'man,9
sira,9
el'daniz,9
gamil,9
anjuta,9
zait,9
adol'fina,9
mirsaet,9
minigalej,9
mirra,9
gaziz'jan,9
minigajan,9
onega,9
zajnutdin,9
majram,9
galib,9
galiahmat,9
zakirzjan,9
genri,9
saet,9
neli,9
ragib,9
salam,9
askarbij,9
zimfera,9
nurgajaz,9
nurgajan,9
shajmardan,9
halilulla,9
minshakir,9
mikael,9
aliftina,9
shajhinur,9
gajzulla,9
sharifa,9
intigam,9
betja,9
dorzho,9
dordzhi,9
illona,9
ilmir,9
dominik,9
muhametgalej,9
muhametgali,9
dmtirij,9
amos,9
benik,9
benedikt,9
tarlan,9
samed,9
vcheslav,9
vusal,9
dugar,9
ulita,9
salija,9
rahmat,9
evdakija,9
gul'zigan,9
has'jan,9
abdulhan,9
abdulhalik,9
gul'nisa,9
maulida,9
ahtam,9
shamsudin,9
amelija,9
sal'ma,9
abdulkerim,9
rahimjan,9
shamsulla,9
muhadin,9
polja,9
dmitri,9
jaguda,9
bekhan,9
larion,9
nazmutdin,9
anaton,9
marksina,9
hisam,9
dzhamshed,9
pimon,9
andre,9
nadezhla,9
dzhalil,9
timerjan,9
dzhalal,9
marijan,9
deomid,9
dzhavad,9
latfulla,9
bahruz,9
rinchin,9
davletsha,9
masabih,9
davit,9
muhametnur,9
davletbaj,9
husej,9
samira,9
tural,9
krikor,9
perfil,9
lejli,9
dilshod,9
jamilja,9
leva,9
krasnoslav,9
gul'gena,9
ilija,9
al'berta,9
malhaz,9
raulja,9
izja,9
maharbek,9
ngok,9
saul,9
al'fret,9
ekim,9
mukatdas,9
hasanbi,9
ruzalin,9
neonilla,9
egish,9
mullagalej,9
mahijan,9
ahmatnur,9
sasun,9
innessa,9
panna,9
ahmathan,9
muzafar,9
mukarama,9
liniza,9
fazyl'jan,9
sumbat,9
fazulla,9
biktimer,9
romas,9
iskandjar,8
dzhavdat,8
garun,8
minegul',8
arian,8
afgan,8
sadrislam,8
auhat,8
garol'd,8
garma,8
konstantsija,8
muhametsha,8
kashfulla,8
suan,8
nikoalj,8
afzal,8
nurfaiz,8
jamgutdin,8
jamignur,8
sadofij,8
timirhan,8
mordko,8
elli,8
roal'd,8
muhametzjan,8
minej,8
sadaj,8
varsanofij,8
varsonofij,8
muhametzaki,8
magarif,8
zdislava,8
neli,8
dzhavanshir,8
bagaudin,8
rival,8
agasi,8
magdalena,8
bolislav,8
akzam,8
lin',8
nadzheda,8
dibir,8
avhadi,8
afinogen,8
albert,8
batyrbek,8
fevron'ja,8
suliko,8
ejvaz,8
timergalej,8
ovich,8
minzakir,8
larina,8
fais,8
hisamutdin,8
server,8
aftah,8
israpil,8
karo,8
batomunko,8
dzhambul,8
rimantas,8
zif,8
lijana,8
rival',8
hristin'ja,8
nalija,8
aksinija,8
zigansha,8
shadi,8
krestin'ja,8
serop,8
bair,8
hikmatulla,8
fazit,8
armine,8
fadi,8
timirbaj,8
dzhoni,8
temuri,8
boruh,8
hatal'ja,8
nelija,8
danijal,8
rushat,8
dmitriij,8
ntal'ja,8
ljuli,8
engelina,8
lejsan,8
rahimzhan,8
tsezar',8
envar,8
adelja,8
kir'jan,8
mirija,8
georgi,8
devid,8
bibisara,8
lil'ja,8
ruf',8
tabris,8
agop,8
ljabib,8
hasanbij,8
mirdza,8
abdulkadyr,8
nurbij,8
zalimhan,8
biljal,8
ataulla,8
el'nar,8
abdurahim,8
zavdjat,8
gizitdin,8
zagida,8
gizatulla,8
erdni,8
ahmetzaki,8
hasijatulla,8
rema,8
rafisa,8
zagira,8
nijazi,8
junis,8
ljubmila,8
nodar,8
evgrafij,8
mir'jam,8
nafisja,8
murtazali,8
ahmetsafa,8
mirhat,8
solomeja,8
mirsajaf,8
nurgalij,8
kijametdin,8
sil'vestr,8
sjao,8
donata,8
agliulla,8
mavli,8
rajhan,8
domnikija,8
guzel,8
domenika,8
el'ver,8
rogneda,8
rufa,8
minnula,8
dorzhej,8
elchin,8
mavlija,8
vano,8
agil',8
fatiha,8
minnislam,8
misha,8
agil,8
mojsej,8
zhafjar,8
rostom,8
farhulla,8
kijamutdin,8
avinir,8
gulja,8
asim,8
valimuhamet,8
zhores,8
farrah,8
zaman,8
gulam,8
sirina,8
nurej,8
valit,8
taliga,8
valter,8
lutfrahman,8
gel'nur,8
ajvaz,8
tal'gat,8
tamaz,8
ajgiz,8
nata,8
rachik,8
gelija,8
minhan,8
sagida,8
nurali,8
razhap,8
vladas,8
madin,8
anzhej,8
floris,8
anfeja,8
manana,8
gabriel',8
hadzhi,8
vesta,8
mil'da,8
foka,8
feofil,8
makism,8
hadis,8
il'za,8
gadija,8
anastija,8
matrena,8
poliekt,8
araksija,8
purbo,8
gakif,8
shajhenur,8
sardion,8
vjajno,8
sal'man,8
ostap,8
flavij,8
sajfi,8
gabdelhak,8
vjachislav,8
minadora,8
vilor,8
appolinar'ja,8
gadel'zjan,8
sahabutdin,8
maksud,8
fil'zja,8
firudin,8
orudzh,8
salimulla,8
milanija,8
svetozar,8
vilajat,8
peter,8
andron,8
invir,8
apti,8
mehmet,8
sveta,8
sherali,8
galimzhan,8
gabdulhamit,8
rabis,8
polievkt,8
majsara,8
sharaf,8
sattar,8
andreas,8
vladimslav,8
zosima,8
allahverdi,8
firaja,8
mileusha,8
salah,8
mechislava,8
anatoij,8
mardan,8
vladimer,8
svtelana,8
gabdula,8
pantilej,8
anfis,8
martik,8
zotik,8
erina,7
ginda,7
aues,7
fajlas,7
palageja,7
lom-ali,7
giljazetdin,7
fazylzjan,7
fajma,7
avzal,7
gombo,7
longin,7
hanija,7
vil'e,7
magruj,7
medhat,7
nikalaj,7
lorina,7
al'vidas,7
hanafij,7
karimulla,7
ochir,7
sulpan,7
idalija,7
eteri,7
fajzelgajan,7
gabib,7
safura,7
etja,7
malgozhata,7
zhana,7
agrofena,7
stas,7
ljusija,7
kamel',7
zaid,7
enna,7
valenitna,7
anfisija,7
anfis'ja,7
fikrat,7
fanuzja,7
onufrij,7
gazi,7
ramzes,7
viktoras,7
adel',7
snrgej,7
nihama,7
zajnula,7
mirina,7
zajtunja,7
emir,7
majra,7
sabirjan,7
emilij,7
zakizjan,7
mirzahan,7
genrieta,7
azgam,7
zakirjan,7
marin,7
salahutdin,7
mihal,7
aglaja,7
vazit,7
zhirajr,7
vadut,7
aglulla,7
vazha,7
chao,7
gadel',7
rano,7
ranif,7
gilmulla,7
gadel'sha,7
atlas,7
shmavon,7
altaj,7
adalet,7
ljudila,7
gadzhimagomed,7
sajar,7
iolij,7
sofa,7
ljubomira,7
kanzafar,7
kanafi,7
zabih,7
ljuda,7
gizetdin,7
rychard,7
vikul,7
anfim,7
nehama,7
grunja,7
kahaber,7
muzaffar,7
dzhuma,7
vladiir,7
shaura,7
revmira,7
jamil,7
vladiimir,7
kornelij,7
dilovar,7
damdin,7
rifmir,7
daler,7
andrrej,7
reveka,7
davud,7
imamgali,7
jazilja,7
bagdasar,7
bagautdin,7
iman,7
fruma,7
florentina,7
tao,7
rashidja,7
javat,7
nasiha,7
flegont,7
muhamedzhan,7
dondok,7
manushak,7
volodimir,7
anatoli,7
hikmet,7
lajlja,7
kjamran,7
marionilla,7
deonis,7
marite,7
nazarij,7
rivgat,7
vlalimir,7
baldan,7
renart,7
basir,7
dzhamaldin,7
dzhambulat,7
il'sija,7
batraz,7
mushfig,7
anvarbek,7
franko,7
batyrhan,7
rejngol'd,7
landysh,7
bajras,7
rezo,7
hikolaj,7
dzhemal,7
mjasum,7
naim,7
bahodir,7
latyp,7
leodor,7
dorzha,7
muhamathan,7
elikanida,7
inzira,7
mahach,7
rostam,7
rafiga,7
abil,7
harun,7
paramon,7
bislan,7
julduz,7
favadis,7
nejlja,7
valida,7
juj,7
ruvin,7
abzaltdin,7
mamduda,7
abulfat,7
gabdulgani,7
nenila,7
mukatdis,7
ruzal',7
pal'mira,7
anri,7
saule,7
hao,7
avangard,7
muzajana,7
ansaf,7
rafiz,7
ahmetgalej,7
tamar,7
hatuna,7
abdulbari,7
talja,7
gurami,7
natali,7
talina,7
vjacheslava,7
taleh,7
ilira,7
abdulgani,7
saljahutdin,7
lernik,7
matlab,7
ulugbek,7
natela,7
viorel,7
abdullazjan,7
mutigulla,7
ingrida,7
liba,7
abdulhamit,7
junona,7
tszin,7
junna,7
shajahmet,7
ahmetsultan,7
evgennij,7
anija,7
evelina,7
ipat,7
bal'zhinima,7
minnigalej,7
alentina,7
hadycha,7
apolenija,7
faukat,7
arakel,7
el'zida,7
alimbek,7
fathi,7
zamilja,7
edit,7
ziganur,7
shagali,7
zejnab,7
minnimuhamet,7
savvatej,7
ejnar,7
ol'gert,7
siren',7
saitgaraj,7
hadimulla,7
zorja,7
akaki,7
saetgali,7
minegali,7
fahraddin,7
haziahmet,7
kavij,7
gelios,7
fahrazyj,7
aliulla,7
mavlit,7
apolonija,7
shajsultan,7
hadiulla,7
saitgali,7
vechislav,7
alekesandr,7
fashutdin,7
edurd,7
ferapont,7
fat'ma,7
fassah,7
gaffan,7
minnebaj,7
akob,7
ishmurat,7
zulija,7
radimir,7
halaf,7
sibgatulla,7
nurzida,7
alenksandr,7
fathrahman,7
svirid,7
sagdulla,7
aleksaendr,7
ariada,7
ardash,7
aik,7
zulfija,7
feja,7
mirali,7
aladdin,7
svetlanan,7
zirjak,7
severin,7
arvo,7
majkl,7
hazip,7
mingata,7
silantij,7
argentina,7
shushanik,7
ismagil',7
gajnitdin,7
migran,7
alksej,7
irakli,7
fahri,7
fahrulla,7
shajhnur,7
zal'fira,7
vieno,7
tekusa,6
abidulla,6
ervant,6
fazil',6
julijana,6
mahbuba,6
raina,6
tohir,6
evnenij,6
zel'ma,6
araksja,6
ketevan,6
gamza,6
gatijat,6
biruta,6
aleksakndr,6
ogannes,6
romeo,6
dianna,6
shevket,6
evtihij,6
mazgut,6
kaha,6
rauzija,6
bimba,6
madanija,6
andres,6
tahmina,6
danata,6
hasansha,6
kafija,6
inzir,6
varlen,6
hadit,6
el'fija,6
gabdrakip,6
sibagatulla,6
parviz,6
alesksandr,6
vintsent,6
hasanbek,6
olimpija,6
uruzmag,6
fetin'ja,6
abumuslim,6
kel'sij,6
guzjal,6
nerses,6
abugali,6
enok,6
grajr,6
elikonida,6
vinidikt,6
pen,6
anatasija,6
raushan'ja,6
fotej,6
leana,6
teklja,6
abutalib,6
fagil',6
mullagalij,6
mullabaj,6
vartanush,6
rafagat,6
lbdmila,6
ruzhena,6
vartkes,6
severina,6
varteres,6
minnibaj,6
aleksadra,6
dikran,6
raufat,6
verner,6
fathlislam,6
hikmat,6
harras,6
juldash,6
daniel,6
danif,6
abo,6
ekateriea,6
artamon,6
bahshi,6
abubakar,6
izobella,6
elezaveta,6
fotij,6
kevork,6
israil,6
vinira,6
faddej,6
zejnal,6
danna,6
vinaris,6
fjarit,6
evgen'evna,6
evenij,6
bek,6
serik,6
gusen,6
ina,6
ditrij,6
abdulah,6
tatarkan,6
peraskovija,6
hafis,6
leongina,6
jussef,6
paul',6
minahmat,6
peraskov'ja,6
praskovija,6
vram,6
abdallah,6
muhamadulla,6
jurija,6
leonina,6
madlena,6
tuhvat,6
dionisij,6
talibulla,6
natal',6
davli,6
fahim,6
ilina,6
marfuga,6
in,6
vitas,6
sergj,6
zubarzhat,6
maskur,6
dmitrmj,6
marvar,6
kommunar,6
fluza,6
vitorija,6
gjul'naz,6
dmitirj,6
rovza,6
ejjub,6
hussejn,6
tarana,6
gans,6
dmiitrij,6
ganij,6
tjune,6
flor,6
aja,6
madinat,6
ajur,6
muhamedsha,6
dominika,6
flur,6
bekir,6
zubarzjat,6
flura,6
rashel',6
vrezh,6
ven'jamin,6
natalja,6
saribek,6
shi,6
naufal',6
tafik,6
tazret,6
ahmetsharif,6
muharrjam,6
arastun,6
il'zida,6
kirej,6
sardar,6
shamsija,6
zinon,6
tszin',6
evgen'evich,6
amazasp,6
ishbulat,6
iksan,6
lika,6
shajmuhamet,6
gul'guna,6
mafruza,6
shamsinur,6
tagira,6
nahim,6
dilbar,6
maftuha,6
bikmuhamet,6
alikram,6
garifjan,6
kontstantin,6
gul'nafisa,6
zigangir,6
konstontin,6
zohrab,6
muhamet'jan,6
olbga,6
nata'ja,6
narkiz,6
garabi,6
tsvetana,6
ingel',6
abdull,6
kifaja,6
gabdelbari,6
mutygulla,6
reval',6
sarvartdin,6
muharbek,6
tajba,6
taif,6
gul'sija,6
mingazetdin,6
djudmila,6
hatim,6
badertdin,6
visilij,6
parfentij,6
muhammat,6
eleanora,6
taip,6
hurshed,6
anetta,6
el'fir,6
goratsij,6
hamed,6
gejdar,6
nurzilja,6
vlvdimir,6
sirazhutdin,6
timersha,6
nurzigan,6
ramija,6
vlasta,6
zavil',6
gadir,6
sos,6
kamran,6
filaris,6
as'ma,6
shakro,6
alif,6
renal',6
valntina,6
jaudat,6
sajaf,6
fikus,6
fanzir,6
sangadzhi,6
kamilija,6
frantsiska,6
metin,6
marijam,6
faniz,6
adiba,6
ol'a,6
ramual'd,6
nmkolaj,6
asan,6
olng,6
sve'lana,6
aglja,6
alisultan,6
gil'da,6
il'jaz,6
nurida,6
falih,6
orhan,6
gvidon,6
nurzija,6
dzhamalutdin,6
jasavij,6
vildan,6
altaf,6
zul'hiza,6
nadazhda,6
islamgali,6
minsulu,6
magsuma,6
famil,6
apollinarij,6
nirsa,6
mavletbaj,6
fanavis,6
batarbek,6
gadi,6
nazima,6
kanzel',6
ashad,6
kazi,6
bator,6
emmilija,6
miral'da,6
geogrij,6
nazhib,6
gazis,6
miras,6
ljutsiana,6
nazaket,6
halimja,6
kajrat,6
fardat,6
genriha,6
salambek,6
iskender,6
ljutsyna,6
ramazi,6
mirzagali,6
olja,6
mzija,6
aslam,6
nuradin,6
sanan,6
ragida,6
andej,6
dzhabir,6
rza,6
farzija,6
kutuz,6
azis,6
reshat,6
majrbek,6
vika,6
shajhitdin,6
farah,6
kamalutdin,6
nadyr,6
mehdi,6
nodari,6
kamaletdin,6
asel',6
salahetdin,6
timirgali,6
kurman,6
shtefan,6
iranda,6
kalisa,6
mirsalih,6
faragat,6
timirzjan,6
zygmund,6
hristinija,6
gerbert,6
valeri,6
selivan,6
zolja,6
ljulmila,6
zajni,6
asrar,6
zajnitdin,6
ragif,6
ragip,6
ljusik,6
fidarit,6
veneamin,6
ibatulla,6
kavej,6
bakrat,6
tsyden,6
afljah,6
anatolija,6
salimzhan,6
hadezhda,6
glimhan,6
ellona,6
etel',6
timer,6
polad,6
suliman,6
il'kin,6
ksenja,6
fajvel',6
irida,6
antonas,6
sulajman,6
lara,6
magfurjan,6
paata,6
fida,6
safon,6
rimas,6
medina,6
marsil,6
girfan,6
vil'gel'mina,6
kavsar,6
arusjak,6
dvejra,6
gljusja,6
sultangali,6
avedis,6
gor,6
sungatulla,6
vladimi,6
runar,6
kas'jan,6
mugtasim,6
artjush,6
viljur,6
raudat,6
tsolak,6
sun,6
kasum,6
hajrula,6
paisij,6
golda,6
vil'sur,6
rezvan,6
tom,6
rasyh,6
hani,6
minnigarej,6
zul'far,6
minzigan,6
igro',6
nabij,6
fatma,6
debora,6
tarhan,6
feonija,6
tsyrenzhap,6
dzhangir,6
ivar,6
filosof,6
tovij,6
gafur'jan,6
gil'minur,6
gilja,6
lukojan,6
aurel,6
minzagit,6
lala,6
agdas,6
zijafat,6
gashik,6
alis,6
sharafetdin,6
chong,6
vanifatij,6
karibulla,6
karal'bi,6
lusik,6
fajzelhak,6
nikola,6
nazym,6
villi,6
shajhetdin,6
milavsha,6
delara,6
lusegen,6
fajzulgajan,6
radamir,6
marek,6
vldadimir,5
fotina,5
dimit'r,5
faja,5
ismat,5
galik,5
hazej,5
dijana,5
zirina,5
san,5
rijan,5
korolina,5
bahman,5
rinal,5
refat,5
velentina,5
teofilija,5
reja,5
il'jana,5
imant,5
gjunduz,5
vladimiir,5
iren,5
dariko,5
feofila,5
vtalij,5
islamnur,5
viulen,5
riks,5
vladim,5
beksultan,5
hilma,5
vseslav,5
il'hamija,5
dzhemali,5
beata,5
baris,5
bassam,5
hel'vi,5
din',5
tuktar,5
il'gina,5
davljatsha,5
kuan,5
rigat,5
baurzhan,5
timirgalej,5
haernas,5
sandra,5
diljafruz,5
vatslovas,5
rimat,5
dzhanik,5
vlasij,5
galimzan,5
fedan,5
tat'janja,5
galimardan,5
semigulla,5
hizir,5
davlatbek,5
beba,5
vmktor,5
hazij,5
dang,5
dzhahid,5
helena,5
rimm,5
ta'tjana,5
zinoida,5
hazib,5
danute,5
dionis,5
ril',5
fejzrahman,5
francheska,5
hazjar,5
sanasar,5
imad,5
beglar,5
sazon,5
zorjana,5
isuf,5
uruspi,5
hvicha,5
igor,5
hanan,5
rustik,5
gissa,5
gabriel,5
girsha,5
gafiulla,5
hajjam,5
vagid,5
sajfetdin,5
fajzula,5
iveta,5
gavgar,5
fajzullo,5
rusudan,5
fajzylgajan,5
gimaj,5
habib'jan,5
ruta,5
zul'habira,5
filus,5
zhigansha,5
gashim,5
iov,5
hamil',5
gil'mi,5
salimgarej,5
fatkul,5
sahi,5
fatkula,5
salimhan,5
erem,5
rumil',5
budimir,5
ermak,5
sunagat,5
fazlyj,5
hanifja,5
sagman,5
idilija,5
gajnikamal,5
sagit'jan,5
goderdzi,5
gaugar,5
gabdurahman,5
karen,5
svtlana,5
busja,5
gljusa,5
habiba,5
vil'ma,5
zahida,5
rustambek,5
fatkulislam,5
sajran,5
zaudin,5
iozas,5
sauljus,5
zamil,5
valentinas,5
saadat,5
geronim,5
fidanija,5
germogen,5
sveilana,5
zyja,5
sodnom,5
kalim,5
gazanfar,5
irana,5
zurabi,5
viktar,5
slavjana,5
farija,5
zufer,5
zakir'ja,5
gazimzjan,5
gennnadij,5
gazimagomed,5
slavamir,5
gennad'evich,5
faridja,5
valizjan,5
gennadija,5
viktoroija,5
faruza,5
kaprel,5
gershen,5
habrahman,5
srur,5
zhuj,5
zarrina,5
filip,5
gilman,5
sohrab,5
hakimjan,5
gevond,5
gilim,5
satsita,5
fasih,5
zabit,5
viveja,5
zjamil,5
vigen,5
gajdar,5
gadyj,5
hambal,5
vida,5
fanida,5
gia,5
zagrutdin,5
hamathan,5
sona,5
eredzhib,5
ruzida,5
serdar,5
inal,5
gumjar,5
klaus,5
ihsan,5
besik,5
zigfrid,5
hajbrahman,5
hajbula,5
betal,5
samad,5
ullubij,5
zuzana,5
itsko,5
iles,5
vitali,5
zigangarej,5
garafetdin,5
umarali,5
zuj,5
ilgizar,5
iroida,5
ilga,5
gul'sima,5
firhat,5
kirsan,5
taib,5
klementina,5
gurban,5
kirril,5
hatskel',5
komintern,5
gjul'nar,5
v'et,5
sapar,5
tarek,5
kolja,5
ilfir,5
bentsian,5
bentsion,5
ven',5
tansulpan,5
domenik,5
domnika,5
fler,5
hacheres,5
vafir,5
samara,5
tamilla,5
vafi,5
hady,5
galiakbar,5
illiodor,5
dorian,5
vatislav,5
inaida,5
gul'nora,5
indus,5
fazalija,5
ronal'd,5
gabdul,5
irkin,5
harlam,5
rubik,5
ekatnrina,5
fathij,5
bogos,5
izil',5
elistrat,5
eliferij,5
sysoj,5
gretta,5
zduard,5
grach'ja,5
fagimja,5
sujumbika,5
haras,5
gabdullazjan,5
fagija,5
hajri,5
gatif,5
fiona,5
kashafutdin,5
zbyslav,5
fazail,5
ustina,5
urshulja,5
gul'nira,5
zulihan,5
fej,5
kirim,5
ilach,5
zenfir,5
eaterina,5
hajdjar,5
tazkira,5
evangelina,5
evgenii,5
gabdel'bari,5
zulajha,5
rol'f,5
gul'zhan,5
feruz,5
uraz,5
tagirzjan,5
evegnij,5
evel',5
sarim,5
uralija,5
gul'banu,5
urkija,5
romil',5
ikar,5
gulira,5
safarali,5
konsuella,5
razhden,5
naris,5
minvali,5
rajmund,5
ahmet'jan,5
revgat,5
rahila,5
adigam,5
shakira,5
muhammed,5
revener,5
miftah,5
adi,5
mavljuda,5
minaj,5
alidzhan,5
ravhat,5
ledja,5
nihat,5
evilina,5
mingazh,5
namsaraj,5
adizjan,5
murzabek,5
alekskj,5
rajvo,5
anfas,5
anfilofij,5
rastjam,5
alempiada,5
ahliman,5
shakirjan,5
abdulahat',5
poliekt,5
minnegaraj,5
razijat,5
makarim,5
mingalij,5
anedrej,5
aleftin,5
lotfi,5
mullazjan,5
minnemuhamat,5
armenui,5
murzagali,5
shaginur,5
nanna,5
muhsin,5
ahmadej,5
mavlet'jan,5
rasimja,5
lilian,5
minniahmat,5
chingis,5
adaljat,5
aurelija,5
ahmadi,5
shajhlislam,5
anvjar,5
markar,5
markian,5
elisa,5
mavlij,5
shagida,5
mullagajan,5
armas,5
abulgas,5
mareta,5
nargiz,5
adel'zjan,5
alimagomed,5
revmir,5
magnavi,5
shajhulislam,5
mavliha,5
badrudin,5
olimzhon,5
marik,5
marika,5
badrutdin,5
andzhelika,5
alekskandr,5
okasana,5
aflatun,5
mamija,5
abisal,5
mirkasim,5
adham,5
anotolij,5
lenja,5
pjurvja,5
lokman,5
lolij,5
mirsagit,5
muhametzakir,5
shavali,5
razyja,5
aldona,5
minigalim,5
mirsaid,5
munirja,5
ovakim,5
julen,5
albina,5
magzum,5
nuhim,5
elata,5
arpenik,5
antonio,5
alaa,5
javit,5
leri,5
nohim,5
rabija,5
ahun'jan,5
shavket,5
shamsaddin,5
antanida,5
ashok,5
antanas,5
raik,5
javgar,5
nasiba,5
aleeksandr,5
elektron,5
alej,5
minzada,5
azal',5
lecha,5
minehan,5
narmina,5
muhamatsha,5
aleksanrd,5
abdulaziz,5
rauzilja,5
animaisa,5
mannaf,5
nuryj,5
minetdin,5
alekse,5
pranas,5
magaram,5
raifa,5
prokop,5
elgudzha,5
munib,5
baba,5
aksen'ja,5
ovsej,5
ovsep,5
alekksandr,5
nasrtdin,5
tsybik,5
aleksaandr,5
minzija,5
adonis,5
aleksaj,5
aleksanda,5
anif,5
aksenija,5
ahkijam,5
minzarif,5
minzaki,5
alita,5
muhametvali,5
mikola,5
paulina,5
liparit,5
al'vian,5
juna,5
musalim,5
ehtibar,5
abdulnasir,5
nigina,5
nikopaj,5
nurgata,5
natela,5
shajnur,5
mugambar,5
shikar,5
ajkanush,5
matevos,5
navruz,5
shirvan,5
ahmatzaki,5
ero,5
nigamat,5
alhas,5
ahmatgali,5
ramaj,5
agzamutdin,5
lajma,5
ljutsijana,5
avel',5
tszjun',5
naila,5
mojsha,5
ofelija,5
aslah,5
razak,5
magomedali,5
nilla,5
nigmatzjan,5
nuriazdan,5
amerhan,5
kjaram,5
etlja,5
avtomon,5
nazik,5
maulit,5
al'fer,5
nadim,5
pankratij,5
ahmedaga,5
shaig,5
magomedsharip,5
minhair,5
nazhezhda,5
avhadej,5
al'fonsas,5
mahasim,5
motel',5
kjarim,5
nazmi,5
el'gina,5
shigap,5
nazmetdin,5
pajlak,5
asta,5
palladij,5
ramzis,5
nikolaev,5
mubarjak,5
madis,5
abdumalik,5
magfur,5
jasin,5
nazirja,5
avrum,5
al'farit,5
arip,5
amit,5
orysja,5
alovsat,5
nurgaziz,5
jumabaj,5
apolon,5
aval',5
rezjap,5
lusine,5
janko,5
elma,5
alma,5
alljam,5
mnir,5
tsin,5
allina,5
latif,5
agrafina,5
abel,5
chimit,5
mirgaziz,5
janika,5
murman,5
rasida,5
apolinarij,5
petro,5
abutalip,5
alkeksandr,5
muksin,5
piama,5
lukerija,5
mikail,5
marha,5
mnira,5
nima,5
aris,5
mera,5
lutfirahman,5
agli,5
shajhelislam,5
nairi,5
anantolij,5
juan',5
baki,5
ahmetvali,5
